{"cameraMode":{"drawMode":0,"name":"Shaded","section":"Shading Mode"},"sceneLighting":true,"audioPlay":false,"sceneViewState":{"showFog":true,"showMaterialUpdate":false,"showSkybox":true,"showFlares":true,"showImageEffects":true,"showParticleSystems":true,"showVisualEffectGraphs":true,"m_FxEnabled":true},"in2DMode":false,"pivot":{"x":165.8619384765625,"y":113.90508270263672,"z":41.16728210449219},"rotation":{"x":-0.22292189300060273,"y":-0.03976404666900635,"z":0.009109137579798699,"w":-0.9739924073219299},"size":234.03314208984376,"orthographic":false}