{"cameraMode":{"drawMode":0,"name":"Shaded","section":"Shading Mode"},"sceneLighting":true,"audioPlay":false,"sceneViewState":{"showFog":true,"showMaterialUpdate":false,"showSkybox":true,"showFlares":true,"showImageEffects":true,"showParticleSystems":true,"showVisualEffectGraphs":true,"m_FxEnabled":true},"in2DMode":false,"pivot":{"x":14.708127975463868,"y":1.5302143096923829,"z":10.27376937866211},"rotation":{"x":0.21574288606643678,"y":0.055617623031139377,"z":-0.012306559830904007,"w":0.9747961163520813},"size":19.15968132019043,"orthographic":false}