{"cameraMode":{"drawMode":0,"name":"Shaded","section":"Shading Mode"},"sceneLighting":true,"audioPlay":false,"sceneViewState":{"showFog":true,"showMaterialUpdate":false,"showSkybox":true,"showFlares":true,"showImageEffects":true,"showParticleSystems":true,"showVisualEffectGraphs":true,"m_FxEnabled":true},"in2DMode":false,"pivot":{"x":6.376852989196777,"y":-2.7452430725097658,"z":9.863517761230469},"rotation":{"x":-0.15233920514583589,"y":-0.06902877986431122,"z":0.010666566900908947,"w":-0.9858701229095459},"size":16.381221771240236,"orthographic":false}