{"cameraMode":{"drawMode":0,"name":"Shaded","section":"Shading Mode"},"sceneLighting":true,"audioPlay":false,"sceneViewState":{"showFog":true,"showMaterialUpdate":false,"showSkybox":true,"showFlares":true,"showImageEffects":true,"showParticleSystems":true,"showVisualEffectGraphs":true,"m_FxEnabled":true},"in2DMode":false,"pivot":{"x":-0.8838988542556763,"y":1.0654947757720948,"z":-0.23206216096878053},"rotation":{"x":-0.08849918097257614,"y":-0.6499142646789551,"z":0.07659308612346649,"w":-0.7509428858757019},"size":2.952199697494507,"orthographic":true}