{"cameraMode":{"drawMode":0,"name":"Shaded","section":"Shading Mode"},"sceneLighting":true,"audioPlay":false,"sceneViewState":{"showFog":true,"showMaterialUpdate":false,"showSkybox":true,"showFlares":true,"showImageEffects":true,"showParticleSystems":true,"showVisualEffectGraphs":true,"m_FxEnabled":true},"in2DMode":false,"pivot":{"x":188.10919189453126,"y":234.91619873046876,"z":-97.90776062011719},"rotation":{"x":-0.004756790120154619,"y":0.9950417280197144,"z":-0.07958284765481949,"w":-0.05947336181998253},"size":261.5854797363281,"orthographic":true}