{"cameraMode":{"drawMode":0,"name":"Shaded","section":"Shading Mode"},"sceneLighting":true,"audioPlay":false,"sceneViewState":{"showFog":true,"showMaterialUpdate":false,"showSkybox":true,"showFlares":true,"showImageEffects":true,"showParticleSystems":true,"showVisualEffectGraphs":true,"m_FxEnabled":true},"in2DMode":false,"pivot":{"x":-1.4693946838378907,"y":0.4960970878601074,"z":0.32706189155578616},"rotation":{"x":-0.08196420967578888,"y":-0.8553063273429871,"z":0.14269296824932099,"w":-0.4912993907928467},"size":2.952199697494507,"orthographic":false}