{"cameraMode":{"drawMode":0,"name":"Shaded","section":"Shading Mode"},"sceneLighting":true,"audioPlay":false,"sceneViewState":{"showFog":true,"showMaterialUpdate":false,"showSkybox":true,"showFlares":true,"showImageEffects":true,"showParticleSystems":true,"showVisualEffectGraphs":true,"m_FxEnabled":true},"in2DMode":false,"pivot":{"x":565.0148315429688,"y":224.88243103027345,"z":972.85498046875},"rotation":{"x":-0.0003095855354331434,"y":-0.02040191926062107,"z":0.000006291903901001206,"w":-0.9997919797897339},"size":927.6893310546875,"orthographic":false}