{"cameraMode":{"drawMode":0,"name":"Shaded","section":"Shading Mode"},"sceneLighting":false,"audioPlay":false,"sceneViewState":{"showFog":true,"showMaterialUpdate":false,"showSkybox":false,"showFlares":true,"showImageEffects":true,"showParticleSystems":true,"showVisualEffectGraphs":true,"m_FxEnabled":true},"in2DMode":false,"pivot":{"x":208.21401977539063,"y":338.2659606933594,"z":7.66217041015625},"rotation":{"x":0.003416119609028101,"y":0.9959364533424377,"z":0.07903406023979187,"w":-0.043049972504377368},"size":351.65643310546877,"orthographic":false}