{"cameraMode":{"drawMode":0,"name":"Shaded","section":"Shading Mode"},"sceneLighting":true,"audioPlay":false,"sceneViewState":{"showFog":true,"showMaterialUpdate":false,"showSkybox":true,"showFlares":true,"showImageEffects":true,"showParticleSystems":true,"showVisualEffectGraphs":true,"m_FxEnabled":true},"in2DMode":false,"pivot":{"x":-0.24812054634094239,"y":-1.3909885883331299,"z":5.667872428894043},"rotation":{"x":0.22484365105628968,"y":-0.01462036557495594,"z":0.0033720724750310184,"w":0.9742778539657593},"size":7.8824872970581059,"orthographic":false}