{"cameraMode":{"drawMode":0,"name":"Shaded","section":"Shading Mode"},"sceneLighting":true,"audioPlay":false,"sceneViewState":{"showFog":true,"showMaterialUpdate":false,"showSkybox":true,"showFlares":true,"showImageEffects":true,"showParticleSystems":true,"showVisualEffectGraphs":true,"m_FxEnabled":true},"in2DMode":false,"pivot":{"x":-0.3030644655227661,"y":-0.3340635299682617,"z":0.09831523895263672},"rotation":{"x":0.028229618445038797,"y":0.9271056652069092,"z":-0.3668721318244934,"w":0.07134408503770828},"size":7.8824872970581059,"orthographic":false}