{"cameraMode":{"drawMode":0,"name":"Shaded","section":"Shading Mode"},"sceneLighting":false,"audioPlay":false,"sceneViewState":{"showFog":true,"showMaterialUpdate":false,"showSkybox":false,"showFlares":true,"showImageEffects":true,"showParticleSystems":true,"showVisualEffectGraphs":true,"m_FxEnabled":true},"in2DMode":false,"pivot":{"x":545.1439208984375,"y":281.8816833496094,"z":0.01336669921875},"rotation":{"x":-0.015308001078665257,"y":0.011096147820353508,"z":-0.00016975830658338964,"w":-0.9998217821121216},"size":150.65277099609376,"orthographic":false}